insert into app.providers (id, code, name, status) values
  ('10000000-0000-4000-8000-000000000001', 'PROVIDER_A', 'Provider A', 'ACTIVE'),
  ('10000000-0000-4000-8000-000000000002', 'PROVIDER_B', 'Provider B', 'ACTIVE'),
  ('10000000-0000-4000-8000-000000000003', 'PROVIDER_C', 'Provider C', 'ACTIVE');

insert into app.areas (id, code, name) values
  ('20000000-0000-4000-8000-000000000001', 'DHAKA_NORTH', 'Dhaka North'),
  ('20000000-0000-4000-8000-000000000002', 'DHAKA_SOUTH', 'Dhaka South'),
  ('20000000-0000-4000-8000-000000000003', 'NARAYANGANJ', 'Narayanganj');

insert into app.outlets (id, area_id, code, name, tier, timezone, status) values
  ('30000000-0000-4000-8000-000000000001', '20000000-0000-4000-8000-000000000001', 'DN-001', 'Uttara Synthetic Outlet', 1, 'Asia/Dhaka', 'ACTIVE'),
  ('30000000-0000-4000-8000-000000000002', '20000000-0000-4000-8000-000000000001', 'DN-002', 'Mirpur Synthetic Outlet', 2, 'Asia/Dhaka', 'ACTIVE'),
  ('30000000-0000-4000-8000-000000000003', '20000000-0000-4000-8000-000000000002', 'DS-001', 'Motijheel Synthetic Outlet', 1, 'Asia/Dhaka', 'ACTIVE'),
  ('30000000-0000-4000-8000-000000000004', '20000000-0000-4000-8000-000000000002', 'DS-002', 'Dhanmondi Synthetic Outlet', 2, 'Asia/Dhaka', 'ACTIVE'),
  ('30000000-0000-4000-8000-000000000005', '20000000-0000-4000-8000-000000000003', 'NG-001', 'Chashara Synthetic Outlet', 2, 'Asia/Dhaka', 'ACTIVE'),
  ('30000000-0000-4000-8000-000000000006', '20000000-0000-4000-8000-000000000003', 'NG-002', 'Fatullah Synthetic Outlet', 3, 'Asia/Dhaka', 'ACTIVE');

insert into app.profiles (id, display_name, locale, is_active) values
  ('40000000-0000-4000-8000-000000000001', 'Agent A', 'en', true),
  ('40000000-0000-4000-8000-000000000002', 'Operations A', 'en', true),
  ('40000000-0000-4000-8000-000000000003', 'Operations B', 'bn', true),
  ('40000000-0000-4000-8000-000000000004', 'Data Steward C', 'en', true),
  ('40000000-0000-4000-8000-000000000005', 'Validation Auditor', 'en', true),
  ('40000000-0000-4000-8000-000000000006', 'Demo Administrator', 'en', true),
  ('40000000-0000-4000-8000-000000000007', 'Platform Management', 'en', true);

insert into app.provider_memberships (user_id, provider_id, role, is_active) values
  ('40000000-0000-4000-8000-000000000001', '10000000-0000-4000-8000-000000000001', 'OUTLET_AGENT', true),
  ('40000000-0000-4000-8000-000000000002', '10000000-0000-4000-8000-000000000001', 'PROVIDER_OPERATIONS', true),
  ('40000000-0000-4000-8000-000000000003', '10000000-0000-4000-8000-000000000002', 'PROVIDER_OPERATIONS', true),
  ('40000000-0000-4000-8000-000000000004', '10000000-0000-4000-8000-000000000003', 'DATA_STEWARD', true),
  ('40000000-0000-4000-8000-000000000005', '10000000-0000-4000-8000-000000000001', 'VALIDATION_AUDITOR', true),
  ('40000000-0000-4000-8000-000000000006', '10000000-0000-4000-8000-000000000001', 'DEMO_ADMIN', true),
  ('40000000-0000-4000-8000-000000000007', '10000000-0000-4000-8000-000000000001', 'PLATFORM_MANAGEMENT', true);

insert into app.outlet_assignments (user_id, outlet_id, area_id, provider_id, role, is_active) values
  ('40000000-0000-4000-8000-000000000001', '30000000-0000-4000-8000-000000000001', '20000000-0000-4000-8000-000000000001', '10000000-0000-4000-8000-000000000001', 'OUTLET_AGENT', true),
  ('40000000-0000-4000-8000-000000000002', '30000000-0000-4000-8000-000000000001', '20000000-0000-4000-8000-000000000001', '10000000-0000-4000-8000-000000000001', 'PROVIDER_OPERATIONS', true),
  ('40000000-0000-4000-8000-000000000003', '30000000-0000-4000-8000-000000000003', '20000000-0000-4000-8000-000000000002', '10000000-0000-4000-8000-000000000002', 'PROVIDER_OPERATIONS', true),
  ('40000000-0000-4000-8000-000000000004', '30000000-0000-4000-8000-000000000005', '20000000-0000-4000-8000-000000000003', '10000000-0000-4000-8000-000000000003', 'DATA_STEWARD', true),
  ('40000000-0000-4000-8000-000000000006', '30000000-0000-4000-8000-000000000001', '20000000-0000-4000-8000-000000000001', null, 'DEMO_ADMIN', true);

insert into app.outlet_cash_balances (outlet_id, amount_minor) values
  ('30000000-0000-4000-8000-000000000001', 850000),
  ('30000000-0000-4000-8000-000000000002', 620000),
  ('30000000-0000-4000-8000-000000000003', 910000),
  ('30000000-0000-4000-8000-000000000004', 740000),
  ('30000000-0000-4000-8000-000000000005', 560000),
  ('30000000-0000-4000-8000-000000000006', 480000);

insert into app.provider_balances (outlet_id, provider_id, amount_minor) values
  ('30000000-0000-4000-8000-000000000001', '10000000-0000-4000-8000-000000000001', 300000),
  ('30000000-0000-4000-8000-000000000001', '10000000-0000-4000-8000-000000000002', 420000),
  ('30000000-0000-4000-8000-000000000001', '10000000-0000-4000-8000-000000000003', 390000);

insert into app.simulation_balance_baselines (outlet_id, provider_id, resource, amount_minor) values
  ('30000000-0000-4000-8000-000000000001', null, 'shared_cash', 850000),
  ('30000000-0000-4000-8000-000000000001', '10000000-0000-4000-8000-000000000001', 'provider_efloat', 300000),
  ('30000000-0000-4000-8000-000000000001', '10000000-0000-4000-8000-000000000002', 'provider_efloat', 420000),
  ('30000000-0000-4000-8000-000000000001', '10000000-0000-4000-8000-000000000003', 'provider_efloat', 390000);

insert into app.transactions (provider_id, outlet_id, provider_event_id, type, lifecycle, amount_minor, occurred_at, idempotency_key) values
  ('10000000-0000-4000-8000-000000000001', '30000000-0000-4000-8000-000000000001', 'seed-a-001', 'CASH_IN', 'SETTLED', 25000, '2026-01-01T08:00:00Z', 'seed-a-001'),
  ('10000000-0000-4000-8000-000000000002', '30000000-0000-4000-8000-000000000001', 'seed-b-001', 'CASH_OUT', 'SETTLED', 18000, '2026-01-01T08:05:00Z', 'seed-b-001');
